"Status","Start Time","Stop Time","Duration in ms","Parent Suite","Suite","Sub Suite","Test Class","Test Method","Name","Description"
"failed","Wed Sep 30 11:27:11 UTC 2026","Wed Sep 30 11:27:26 UTC 2026","14785","","Edit Todo","","com.todomvc.tests.EditTodoTest","editingTrimsTodo","Editing trims whitespace from the saved text",""
"passed","Wed Sep 30 11:26:43 UTC 2026","Wed Sep 30 11:27:06 UTC 2026","22659","","Add Todo","","com.todomvc.tests.AddTodoTest","addTodoWithVariousTexts","Add todos with various text values Add todo with text: ""Very long task name that exceeds typical single-line display in the viewport and wraps around""",""
"passed","Wed Sep 30 11:26:40 UTC 2026","Wed Sep 30 11:27:08 UTC 2026","27333","","Footer items-left counter","","com.todomvc.tests.FooterCounterTest","counterIsZeroWhenAllCompleted","Counter shows 0 when all todos are completed",""
"passed","Wed Sep 30 11:26:40 UTC 2026","Wed Sep 30 11:27:10 UTC 2026","29808","","Footer items-left counter","","com.todomvc.tests.FooterCounterTest","counterDecrementsOnComplete","Counter decrements when a todo is completed",""
"passed","Wed Sep 30 11:26:40 UTC 2026","Wed Sep 30 11:27:05 UTC 2026","24675","","Footer items-left counter","","com.todomvc.tests.FooterCounterTest","footerAppearsAfterFirstTodo","Footer appears as soon as the first todo is added",""
"passed","Wed Sep 30 11:26:43 UTC 2026","Wed Sep 30 11:27:05 UTC 2026","21926","","Add Todo","","com.todomvc.tests.AddTodoTest","whitespaceOnlyDoesNotCreateTodo","Input with only whitespace does not create a todo",""
"passed","Wed Sep 30 11:26:40 UTC 2026","Wed Sep 30 11:27:05 UTC 2026","25262","","Add Todo","","com.todomvc.tests.AddTodoTest","addTodoWithVariousTexts","Add todos with various text values Add todo with text: ""Simple task""",""
"passed","Wed Sep 30 11:26:43 UTC 2026","Wed Sep 30 11:27:09 UTC 2026","26297","","Complete / Uncomplete Todo","","com.todomvc.tests.CompleteTodoTest","toggleAllWhenAllCompletedUncompletes","Toggle-all uncompletes all when all are completed",""
"passed","Wed Sep 30 11:27:12 UTC 2026","Wed Sep 30 11:27:18 UTC 2026","5575","","Delete Todo","","com.todomvc.tests.DeleteTodoTest","deleteOneOfManyTodos","Deleting one of many todos leaves the rest intact",""
"passed","Wed Sep 30 11:27:11 UTC 2026","Wed Sep 30 11:27:17 UTC 2026","5965","","Delete Todo","","com.todomvc.tests.DeleteTodoTest","clearCompletedRemovesAll","Clear-completed removes all completed todos and hides its button",""
"passed","Wed Sep 30 11:26:39 UTC 2026","Wed Sep 30 11:27:13 UTC 2026","33022","","Filter Todos","","com.todomvc.tests.FilterTodoTest","allFilterShowsEverything","'All' filter shows all todos regardless of status",""
"passed","Wed Sep 30 11:26:40 UTC 2026","Wed Sep 30 11:27:10 UTC 2026","29905","","Complete / Uncomplete Todo","","com.todomvc.tests.CompleteTodoTest","toggleAllCompletesAll","Toggle-all marks all todos as completed",""
"passed","Wed Sep 30 11:26:43 UTC 2026","Wed Sep 30 11:27:08 UTC 2026","24535","","Footer items-left counter","","com.todomvc.tests.FooterCounterTest","counterDecrementsOnDelete","Counter decrements when a todo is deleted",""
"passed","Wed Sep 30 11:26:40 UTC 2026","Wed Sep 30 11:27:05 UTC 2026","25307","","Add Todo","","com.todomvc.tests.AddTodoTest","emptyInputDoescNotCreateTodo","Pressing Enter on empty input does not create a todo",""
"passed","Wed Sep 30 11:26:43 UTC 2026","Wed Sep 30 11:27:11 UTC 2026","27790","","Complete / Uncomplete Todo","","com.todomvc.tests.CompleteTodoTest","toggleAllTwiceUncompletes","Toggle-all again uncompletes all todos",""
"passed","Wed Sep 30 11:26:43 UTC 2026","Wed Sep 30 11:27:12 UTC 2026","28982","","Filter Todos","","com.todomvc.tests.FilterTodoTest","completedFilterShowsOnlyCompleted","'Completed' filter shows only completed todos",""
"failed","Wed Sep 30 11:26:43 UTC 2026","Wed Sep 30 11:27:15 UTC 2026","31394","","Add Todo","","com.todomvc.tests.AddTodoTest","addTodoWithVariousTexts","Add todos with various text values Add todo with text: ""Task with special chars !@#$%^&*()""",""
"passed","Wed Sep 30 11:27:11 UTC 2026","Wed Sep 30 11:27:17 UTC 2026","5802","","Delete Todo","","com.todomvc.tests.DeleteTodoTest","itemsLeftUpdatesAfterClearCompleted","After clear-completed, remaining active count updates correctly",""
"passed","Wed Sep 30 11:26:43 UTC 2026","Wed Sep 30 11:27:15 UTC 2026","31333","","Filter Todos","","com.todomvc.tests.FilterTodoTest","completingOnActiveFilterHidesTodo","Completing a todo while on Active filter removes it from view immediately",""
"passed","Wed Sep 30 11:26:40 UTC 2026","Wed Sep 30 11:27:09 UTC 2026","29679","","Complete / Uncomplete Todo","","com.todomvc.tests.CompleteTodoTest","completeSingleTodo","Completing a todo marks it as completed",""
"passed","Wed Sep 30 11:27:11 UTC 2026","Wed Sep 30 11:27:17 UTC 2026","5583","","Delete Todo","","com.todomvc.tests.DeleteTodoTest","clearCompletedHiddenWhenNoneCompleted","Clear-completed button is not shown when no todos are completed",""
"passed","Wed Sep 30 11:26:43 UTC 2026","Wed Sep 30 11:27:06 UTC 2026","22705","","Add Todo","","com.todomvc.tests.AddTodoTest","addSingleTodo","Add a single todo item","Entering text and pressing Enter creates a new todo item visible in the list"
"passed","Wed Sep 30 11:26:40 UTC 2026","Wed Sep 30 11:27:03 UTC 2026","23242","","Footer items-left counter","","com.todomvc.tests.FooterCounterTest","footerHiddenOnFreshLoad","Footer is hidden on fresh load with no todos",""
"passed","Wed Sep 30 11:26:40 UTC 2026","Wed Sep 30 11:27:08 UTC 2026","28065","","Add Todo","","com.todomvc.tests.AddTodoTest","addMultipleTodos","Add multiple todo items sequentially",""
"passed","Wed Sep 30 11:26:43 UTC 2026","Wed Sep 30 11:27:07 UTC 2026","23806","","Footer items-left counter","","com.todomvc.tests.FooterCounterTest","counterIncrementsOnAdd","Counter increments with each new todo",""
"passed","Wed Sep 30 11:26:43 UTC 2026","Wed Sep 30 11:27:15 UTC 2026","31361","","Filter Todos","","com.todomvc.tests.FilterTodoTest","completedFilterEmptyWhenNoneCompleted","Completed filter is empty when no todos are completed",""
"passed","Wed Sep 30 11:26:39 UTC 2026","Wed Sep 30 11:27:13 UTC 2026","33281","","Filter Todos","","com.todomvc.tests.FilterTodoTest","activeFilterEmptyWhenAllCompleted","Active filter shows empty list when all todos are completed",""
"failed","Wed Sep 30 11:27:11 UTC 2026","Wed Sep 30 11:27:26 UTC 2026","14687","","Edit Todo","","com.todomvc.tests.EditTodoTest","editCompletedTodo","Completed todo can still be edited",""
"passed","Wed Sep 30 11:26:40 UTC 2026","Wed Sep 30 11:27:11 UTC 2026","31568","","Complete / Uncomplete Todo","","com.todomvc.tests.CompleteTodoTest","toggleAllCheckedWhenAllManuallyCompleted","Toggle-all becomes checked when all items are individually completed",""
"passed","Wed Sep 30 11:27:12 UTC 2026","Wed Sep 30 11:27:17 UTC 2026","5631","","Delete Todo","","com.todomvc.tests.DeleteTodoTest","deleteOnlyTodo","Deleting the only todo hides footer and clears the list",""
"passed","Wed Sep 30 11:26:39 UTC 2026","Wed Sep 30 11:27:12 UTC 2026","32665","","Filter Todos","","com.todomvc.tests.FilterTodoTest","activeFilterShowsOnlyActive","'Active' filter shows only incomplete todos",""
"passed","Wed Sep 30 11:26:39 UTC 2026","Wed Sep 30 11:27:12 UTC 2026","32885","","Filter Todos","","com.todomvc.tests.FilterTodoTest","clearCompletedOnCompletedFilterEmptiesList","Clearing completed while on Completed filter empties the list",""
"passed","Wed Sep 30 11:26:40 UTC 2026","Wed Sep 30 11:27:11 UTC 2026","31188","","Complete / Uncomplete Todo","","com.todomvc.tests.CompleteTodoTest","uncompleteTodo","Completed todo can be unchecked back to active",""
"failed","Wed Sep 30 11:27:11 UTC 2026","Wed Sep 30 11:27:26 UTC 2026","14787","","Edit Todo","","com.todomvc.tests.EditTodoTest","editTodoAndSaveWithEnter","Double-clicking a todo allows editing and Enter saves the new text",""
"skipped","Wed Sep 30 11:27:11 UTC 2026","Wed Sep 30 11:27:11 UTC 2026","0","","Edit Todo","","com.todomvc.tests.EditTodoTest","cancelEditingWithEscape","Pressing Escape during editing reverts to the original text",""
"skipped","Wed Sep 30 11:27:11 UTC 2026","Wed Sep 30 11:27:11 UTC 2026","0","","Edit Todo","","com.todomvc.tests.EditTodoTest","savingEmptyEditDeletesTodo","Saving an empty edit field deletes the todo",""
"passed","Wed Sep 30 11:26:40 UTC 2026","Wed Sep 30 11:27:05 UTC 2026","25552","","Add Todo","","com.todomvc.tests.AddTodoTest","todoTextIsTrimmed","Todo text is trimmed of surrounding whitespace",""
